Date,HDFCBANK.NS,AXISBANK.NS,ICICIBANK.NS
2022-02-17 00:00:00+00:00,1506.5,782.7999877929688,750.3499755859375
2022-02-18 00:00:00+00:00,1512.3499755859375,787.4000244140625,748.9000244140625
2022-02-21 00:00:00+00:00,1522.0999755859375,788.8499755859375,754.4500122070312
2022-02-22 00:00:00+00:00,1510.699951171875,779.1500244140625,751.2999877929688
2022-02-23 00:00:00+00:00,1500.9000244140625,777.2000122070312,744.5999755859375
2022-02-24 00:00:00+00:00,1419.4000244140625,730.2999877929688,707.4000244140625
2022-02-25 00:00:00+00:00,1456.0999755859375,758.0499877929688,730.0499877929688
2022-02-28 00:00:00+00:00,1426.25,742.4000244140625,742.7000122070312
2022-03-02 00:00:00+00:00,1374.25,750.25,714.8499755859375
2022-03-03 00:00:00+00:00,1371.0,737.6500244140625,698.2999877929688
2022-03-04 00:00:00+00:00,1366.5,715.0,688.0499877929688
2022-03-07 00:00:00+00:00,1324.800048828125,667.5499877929688,653.75
2022-03-08 00:00:00+00:00,1327.800048828125,670.4000244140625,665.0
2022-03-09 00:00:00+00:00,1371.1500244140625,674.2000122070312,667.4500122070312
2022-03-10 00:00:00+00:00,1392.699951171875,694.9500122070312,676.5999755859375
2022-03-11 00:00:00+00:00,1396.800048828125,690.8499755859375,677.9000244140625
2022-03-14 00:00:00+00:00,1442.550048828125,710.0499877929688,696.1500244140625
2022-03-15 00:00:00+00:00,1424.0,698.1500244140625,697.3499755859375
2022-03-16 00:00:00+00:00,1448.1500244140625,723.8499755859375,708.0
2022-03-17 00:00:00+00:00,1480.050048828125,739.25,720.0999755859375
2022-03-21 00:00:00+00:00,1486.5,725.9000244140625,710.75
2022-03-22 00:00:00+00:00,1494.1500244140625,731.4000244140625,718.2000122070312
2022-03-23 00:00:00+00:00,1479.25,726.75,718.2999877929688
2022-03-24 00:00:00+00:00,1442.6500244140625,722.25,704.2000122070312
2022-03-25 00:00:00+00:00,1430.9000244140625,721.25,699.25
2022-03-28 00:00:00+00:00,1432.800048828125,736.0,710.3499755859375
2022-03-29 00:00:00+00:00,1451.800048828125,737.7999877929688,715.2999877929688
2022-03-30 00:00:00+00:00,1476.949951171875,750.4500122070312,730.9000244140625
2022-03-31 00:00:00+00:00,1470.3499755859375,761.1500244140625,730.2999877929688
2022-04-01 00:00:00+00:00,1506.0,774.5499877929688,736.25
2022-04-04 00:00:00+00:00,1656.800048828125,784.0999755859375,746.5999755859375
2022-04-05 00:00:00+00:00,1608.25,783.0999755859375,741.7999877929688
2022-04-06 00:00:00+00:00,1550.8499755859375,773.7000122070312,741.5999755859375
2022-04-07 00:00:00+00:00,1516.75,792.0999755859375,748.5499877929688
2022-04-08 00:00:00+00:00,1514.6500244140625,794.9000244140625,754.2999877929688
2022-04-11 00:00:00+00:00,1496.1500244140625,786.0499877929688,759.5999755859375
2022-04-12 00:00:00+00:00,1493.5,798.4500122070312,763.8499755859375
2022-04-13 00:00:00+00:00,1464.949951171875,793.0499877929688,762.25
2022-04-18 00:00:00+00:00,1395.449951171875,798.8499755859375,757.7999877929688
2022-04-19 00:00:00+00:00,1342.199951171875,797.7999877929688,766.2999877929688
2022-04-20 00:00:00+00:00,1354.300048828125,794.7000122070312,755.5499877929688
2022-04-21 00:00:00+00:00,1374.3499755859375,801.7999877929688,762.3499755859375
2022-04-22 00:00:00+00:00,1355.5999755859375,780.5999755859375,747.6500244140625
2022-04-25 00:00:00+00:00,1365.75,780.7000122070312,752.2000122070312
2022-04-26 00:00:00+00:00,1372.050048828125,775.0,753.75
2022-04-27 00:00:00+00:00,1372.550048828125,765.9000244140625,736.7000122070312
2022-04-28 00:00:00+00:00,1371.3499755859375,779.7999877929688,747.1500244140625
2022-04-29 00:00:00+00:00,1384.5999755859375,728.5999755859375,743.2999877929688
2022-05-02 00:00:00+00:00,1403.699951171875,727.3499755859375,741.0
2022-05-04 00:00:00+00:00,1356.0,707.2000122070312,724.25
2022-05-05 00:00:00+00:00,1352.949951171875,702.3499755859375,728.7999877929688
2022-05-06 00:00:00+00:00,1317.5999755859375,673.4000244140625,719.25
2022-05-09 00:00:00+00:00,1319.8499755859375,663.7000122070312,710.3499755859375
2022-05-10 00:00:00+00:00,1341.050048828125,659.75,711.2999877929688
2022-05-11 00:00:00+00:00,1348.5999755859375,672.3499755859375,714.2000122070312
2022-05-12 00:00:00+00:00,1303.050048828125,649.6500244140625,695.7999877929688
2022-05-13 00:00:00+00:00,1291.3499755859375,635.9500122070312,677.3499755859375
2022-05-16 00:00:00+00:00,1305.0999755859375,638.9500122070312,683.0
2022-05-17 00:00:00+00:00,1314.0,654.9500122070312,710.0
2022-05-18 00:00:00+00:00,1313.9000244140625,659.4500122070312,707.3499755859375
2022-05-19 00:00:00+00:00,1287.050048828125,650.2000122070312,690.2999877929688
2022-05-20 00:00:00+00:00,1320.949951171875,673.0999755859375,709.5499877929688
2022-05-23 00:00:00+00:00,1304.0,675.3499755859375,711.0499877929688
2022-05-24 00:00:00+00:00,1318.949951171875,664.0499877929688,708.1500244140625
2022-05-25 00:00:00+00:00,1328.800048828125,665.0,713.3499755859375
2022-05-26 00:00:00+00:00,1366.699951171875,683.25,728.5
2022-05-27 00:00:00+00:00,1392.050048828125,688.2999877929688,739.7999877929688
2022-05-30 00:00:00+00:00,1401.550048828125,693.6500244140625,748.5
2022-05-31 00:00:00+00:00,1388.949951171875,685.2000122070312,752.8499755859375
2022-06-01 00:00:00+00:00,1394.8499755859375,686.0499877929688,752.6500244140625
2022-06-02 00:00:00+00:00,1385.0999755859375,691.5499877929688,749.75
2022-06-03 00:00:00+00:00,1380.300048828125,677.2999877929688,744.2999877929688
2022-06-06 00:00:00+00:00,1378.449951171875,672.2000122070312,746.75
2022-06-07 00:00:00+00:00,1362.5999755859375,665.8499755859375,735.25
2022-06-08 00:00:00+00:00,1367.4000244140625,658.5999755859375,729.5
2022-06-09 00:00:00+00:00,1377.699951171875,661.2999877929688,732.75
2022-06-10 00:00:00+00:00,1351.0999755859375,660.7000122070312,720.0
2022-06-13 00:00:00+00:00,1326.5999755859375,648.9500122070312,688.0
2022-06-14 00:00:00+00:00,1312.0,650.75,685.5
2022-06-15 00:00:00+00:00,1307.449951171875,650.5,687.25
2022-06-16 00:00:00+00:00,1281.300048828125,634.9000244140625,678.5
2022-06-17 00:00:00+00:00,1289.75,635.2000122070312,686.8499755859375
2022-06-20 00:00:00+00:00,1322.1500244140625,628.2999877929688,685.9500122070312
2022-06-21 00:00:00+00:00,1336.550048828125,636.5,696.0999755859375
2022-06-22 00:00:00+00:00,1330.25,626.7999877929688,686.5999755859375
2022-06-23 00:00:00+00:00,1335.1500244140625,629.3499755859375,699.1500244140625
2022-06-24 00:00:00+00:00,1353.800048828125,634.0,713.4500122070312
2022-06-27 00:00:00+00:00,1356.25,637.0999755859375,717.3499755859375
2022-06-28 00:00:00+00:00,1345.9000244140625,642.3499755859375,710.2999877929688
2022-06-29 00:00:00+00:00,1343.949951171875,625.5499877929688,702.75
2022-06-30 00:00:00+00:00,1348.0,636.7999877929688,707.2000122070312
2022-07-01 00:00:00+00:00,1353.75,643.9500122070312,703.9000244140625
2022-07-04 00:00:00+00:00,1355.6500244140625,654.3499755859375,720.0999755859375
2022-07-05 00:00:00+00:00,1352.5999755859375,648.5,719.4500122070312
2022-07-06 00:00:00+00:00,1371.25,657.9500122070312,725.9500122070312
2022-07-07 00:00:00+00:00,1395.800048828125,658.1500244140625,742.0
2022-07-08 00:00:00+00:00,1397.0999755859375,669.1500244140625,755.7000122070312
2022-07-11 00:00:00+00:00,1406.1500244140625,679.8499755859375,769.5
2022-07-12 00:00:00+00:00,1391.800048828125,676.2000122070312,759.9000244140625
2022-07-13 00:00:00+00:00,1357.8499755859375,679.9000244140625,753.2000122070312
2022-07-14 00:00:00+00:00,1351.050048828125,668.25,752.4000244140625
2022-07-15 00:00:00+00:00,1362.050048828125,662.2000122070312,751.2000122070312
2022-07-18 00:00:00+00:00,1347.550048828125,684.5,772.0
2022-07-19 00:00:00+00:00,1348.050048828125,700.5999755859375,780.6500244140625
2022-07-20 00:00:00+00:00,1365.050048828125,705.7000122070312,783.0999755859375
2022-07-21 00:00:00+00:00,1360.75,715.5499877929688,786.0
2022-07-22 00:00:00+00:00,1392.5,730.75,800.0499877929688
2022-07-25 00:00:00+00:00,1396.5999755859375,727.3499755859375,800.9000244140625
2022-07-26 00:00:00+00:00,1393.75,706.4500122070312,796.2999877929688
2022-07-27 00:00:00+00:00,1404.4000244140625,718.9500122070312,800.5
2022-07-28 00:00:00+00:00,1416.8499755859375,725.9000244140625,814.5999755859375
2022-07-29 00:00:00+00:00,1434.199951171875,724.75,818.5999755859375
2022-08-01 00:00:00+00:00,1446.1500244140625,730.7999877929688,823.4000244140625
2022-08-02 00:00:00+00:00,1430.25,730.4500122070312,817.75
2022-08-03 00:00:00+00:00,1433.5999755859375,730.5,824.7999877929688
2022-08-04 00:00:00+00:00,1431.9000244140625,721.5999755859375,820.25
2022-08-05 00:00:00+00:00,1427.050048828125,728.5,838.2000122070312
2022-08-08 00:00:00+00:00,1462.050048828125,745.5499877929688,836.9500122070312
2022-08-10 00:00:00+00:00,1466.300048828125,739.0,848.75
2022-08-11 00:00:00+00:00,1485.699951171875,758.8499755859375,859.7000122070312
2022-08-12 00:00:00+00:00,1485.1500244140625,760.5499877929688,874.4000244140625
2022-08-16 00:00:00+00:00,1502.1500244140625,764.6500244140625,879.25
2022-08-17 00:00:00+00:00,1509.9000244140625,772.0999755859375,883.25
2022-08-18 00:00:00+00:00,1511.699951171875,765.0499877929688,885.0999755859375
2022-08-19 00:00:00+00:00,1493.050048828125,757.5,870.4000244140625
2022-08-22 00:00:00+00:00,1470.3499755859375,741.8499755859375,852.25
2022-08-23 00:00:00+00:00,1465.800048828125,747.0499877929688,863.9000244140625
2022-08-24 00:00:00+00:00,1472.8499755859375,750.1500244140625,873.2999877929688
2022-08-25 00:00:00+00:00,1464.8499755859375,743.3499755859375,872.3499755859375
2022-08-26 00:00:00+00:00,1465.0999755859375,744.9000244140625,870.8499755859375
2022-08-29 00:00:00+00:00,1439.4000244140625,728.7000122070312,855.8499755859375
2022-08-30 00:00:00+00:00,1486.0999755859375,751.5,887.2999877929688
2022-09-01 00:00:00+00:00,1472.1500244140625,744.1500244140625,874.3499755859375
2022-09-02 00:00:00+00:00,1485.5,750.2000122070312,872.4000244140625
2022-09-05 00:00:00+00:00,1495.050048828125,756.0999755859375,882.4500122070312
2022-09-06 00:00:00+00:00,1489.3499755859375,750.0,883.6500244140625
2022-09-07 00:00:00+00:00,1482.300048828125,755.4000244140625,876.2000122070312
2022-09-08 00:00:00+00:00,1497.5999755859375,779.75,898.7999877929688
2022-09-09 00:00:00+00:00,1498.5999755859375,784.8499755859375,901.25
2022-09-12 00:00:00+00:00,1493.550048828125,801.0,907.2000122070312
2022-09-13 00:00:00+00:00,1513.0999755859375,805.5499877929688,910.0
2022-09-14 00:00:00+00:00,1528.6500244140625,803.0499877929688,918.0999755859375
2022-09-15 00:00:00+00:00,1520.699951171875,790.0,917.5999755859375
2022-09-16 00:00:00+00:00,1492.75,789.2999877929688,909.0999755859375
2022-09-19 00:00:00+00:00,1502.5999755859375,798.0999755859375,899.2000122070312
2022-09-20 00:00:00+00:00,1520.699951171875,812.75,916.75
2022-09-21 00:00:00+00:00,1518.3499755859375,806.5499877929688,915.25
2022-09-22 00:00:00+00:00,1486.0,789.2000122070312,903.4000244140625
2022-09-23 00:00:00+00:00,1446.1500244140625,768.5999755859375,882.25
2022-09-26 00:00:00+00:00,1426.6500244140625,742.5999755859375,861.0499877929688
2022-09-27 00:00:00+00:00,1413.8499755859375,737.5,852.5499877929688
2022-09-28 00:00:00+00:00,1389.550048828125,716.4500122070312,849.5
2022-09-29 00:00:00+00:00,1382.3499755859375,719.0,843.9000244140625
2022-09-30 00:00:00+00:00,1421.3499755859375,733.2000122070312,862.0
2022-10-03 00:00:00+00:00,1413.199951171875,722.75,848.3499755859375
2022-10-04 00:00:00+00:00,1453.0,742.7999877929688,867.6500244140625
2022-10-06 00:00:00+00:00,1437.0,755.0999755859375,885.4500122070312
2022-10-07 00:00:00+00:00,1430.800048828125,755.7000122070312,882.5499877929688
2022-10-10 00:00:00+00:00,1415.0,776.8499755859375,881.75
2022-10-11 00:00:00+00:00,1400.6500244140625,785.5499877929688,870.5999755859375
2022-10-12 00:00:00+00:00,1409.800048828125,808.7000122070312,868.3499755859375
2022-10-13 00:00:00+00:00,1393.5999755859375,802.0,853.5999755859375
2022-10-14 00:00:00+00:00,1439.0,800.5,870.25
2022-10-17 00:00:00+00:00,1446.550048828125,814.1500244140625,885.2000122070312
2022-10-18 00:00:00+00:00,1443.8499755859375,816.3499755859375,896.9000244140625
2022-10-19 00:00:00+00:00,1458.6500244140625,829.8499755859375,892.0999755859375
2022-10-20 00:00:00+00:00,1448.800048828125,825.8499755859375,888.6500244140625
2022-10-21 00:00:00+00:00,1438.5999755859375,900.4000244140625,907.1500244140625
2022-10-24 00:00:00+00:00,1461.050048828125,909.4500122070312,926.2999877929688
2022-10-25 00:00:00+00:00,1450.9000244140625,902.8499755859375,925.0499877929688
2022-10-27 00:00:00+00:00,1454.4000244140625,915.1500244140625,924.4000244140625
2022-10-28 00:00:00+00:00,1458.699951171875,903.0499877929688,907.8499755859375
2022-10-31 00:00:00+00:00,1496.699951171875,906.0,908.7000122070312
2022-11-01 00:00:00+00:00,1513.25,871.75,908.5999755859375
2022-11-02 00:00:00+00:00,1514.199951171875,863.5499877929688,904.7000122070312
2022-11-03 00:00:00+00:00,1507.550048828125,864.0499877929688,908.6500244140625
2022-11-04 00:00:00+00:00,1497.1500244140625,868.0999755859375,905.2999877929688
2022-11-07 00:00:00+00:00,1508.800048828125,872.9500122070312,917.5
2022-11-09 00:00:00+00:00,1508.3499755859375,873.7000122070312,910.5
2022-11-10 00:00:00+00:00,1524.75,843.7000122070312,910.7000122070312
2022-11-11 00:00:00+00:00,1611.1500244140625,850.7000122070312,906.5499877929688
2022-11-14 00:00:00+00:00,1615.050048828125,851.0,894.9500122070312
2022-11-15 00:00:00+00:00,1619.0,858.6500244140625,911.7000122070312
2022-11-16 00:00:00+00:00,1632.9000244140625,855.4000244140625,913.5999755859375
2022-11-17 00:00:00+00:00,1618.1500244140625,858.2000122070312,919.7999877929688
2022-11-18 00:00:00+00:00,1613.9000244140625,859.2000122070312,920.3499755859375
2022-11-21 00:00:00+00:00,1597.3499755859375,870.0499877929688,921.4000244140625
2022-11-22 00:00:00+00:00,1595.0,870.0499877929688,923.7000122070312
2022-11-23 00:00:00+00:00,1599.1500244140625,874.7000122070312,927.4500122070312
2022-11-24 00:00:00+00:00,1625.1500244140625,878.5499877929688,938.8499755859375
2022-11-25 00:00:00+00:00,1617.6500244140625,887.75,930.2999877929688
2022-11-28 00:00:00+00:00,1600.25,891.7000122070312,937.4000244140625
2022-11-29 00:00:00+00:00,1597.8499755859375,892.5499877929688,946.75
2022-11-30 00:00:00+00:00,1608.449951171875,901.25,952.9000244140625
2022-12-01 00:00:00+00:00,1619.5,903.8499755859375,940.2000122070312
2022-12-02 00:00:00+00:00,1607.0999755859375,905.1500244140625,930.5999755859375
2022-12-05 00:00:00+00:00,1612.949951171875,899.2000122070312,933.5999755859375
2022-12-06 00:00:00+00:00,1611.1500244140625,904.6500244140625,922.6500244140625
2022-12-07 00:00:00+00:00,1610.449951171875,914.6500244140625,922.1500244140625
2022-12-08 00:00:00+00:00,1619.5,939.3499755859375,931.9000244140625
2022-12-09 00:00:00+00:00,1631.050048828125,933.7000122070312,929.9000244140625
2022-12-12 00:00:00+00:00,1643.75,938.6500244140625,930.2999877929688
2022-12-13 00:00:00+00:00,1648.300048828125,944.5999755859375,932.9500122070312
2022-12-14 00:00:00+00:00,1662.25,942.4000244140625,921.75
2022-12-15 00:00:00+00:00,1631.800048828125,938.1500244140625,908.7999877929688
2022-12-16 00:00:00+00:00,1639.6500244140625,935.0999755859375,902.0
2022-12-19 00:00:00+00:00,1644.75,946.2000122070312,906.4500122070312
2022-12-20 00:00:00+00:00,1633.4000244140625,949.75,909.7000122070312
2022-12-21 00:00:00+00:00,1617.5999755859375,932.2999877929688,892.25
2022-12-22 00:00:00+00:00,1612.050048828125,919.5499877929688,890.6500244140625
2022-12-23 00:00:00+00:00,1597.6500244140625,906.5999755859375,878.9000244140625
2022-12-26 00:00:00+00:00,1629.449951171875,928.7000122070312,893.2000122070312
2022-12-27 00:00:00+00:00,1631.0999755859375,932.2000122070312,900.6500244140625
2022-12-28 00:00:00+00:00,1629.800048828125,924.7000122070312,898.9500122070312
2022-12-29 00:00:00+00:00,1641.300048828125,934.5499877929688,908.0499877929688
2022-12-30 00:00:00+00:00,1628.1500244140625,933.75,890.8499755859375
2023-01-02 00:00:00+00:00,1628.699951171875,941.5999755859375,902.4500122070312
2023-01-03 00:00:00+00:00,1639.3499755859375,962.2999877929688,901.3499755859375
2023-01-04 00:00:00+00:00,1610.050048828125,957.4500122070312,899.0999755859375
2023-01-05 00:00:00+00:00,1599.699951171875,949.5499877929688,879.1500244140625
2023-01-06 00:00:00+00:00,1594.4000244140625,939.9000244140625,870.0999755859375
2023-01-09 00:00:00+00:00,1597.5,958.75,873.3499755859375
2023-01-10 00:00:00+00:00,1568.300048828125,952.1500244140625,861.3499755859375
2023-01-11 00:00:00+00:00,1590.9000244140625,949.75,866.2999877929688
2023-01-12 00:00:00+00:00,1599.4000244140625,935.5499877929688,860.6500244140625
2023-01-13 00:00:00+00:00,1600.6500244140625,934.1500244140625,873.4500122070312
2023-01-16 00:00:00+00:00,1585.300048828125,913.1500244140625,865.25
2023-01-17 00:00:00+00:00,1608.9000244140625,917.7000122070312,865.1500244140625
2023-01-18 00:00:00+00:00,1637.300048828125,924.0,869.5
2023-01-19 00:00:00+00:00,1644.0999755859375,928.7000122070312,866.1500244140625
2023-01-20 00:00:00+00:00,1660.949951171875,930.5499877929688,870.3499755859375
2023-01-23 00:00:00+00:00,1673.0999755859375,932.7000122070312,871.7000122070312
2023-01-24 00:00:00+00:00,1695.5,910.2000122070312,870.75
2023-01-25 00:00:00+00:00,1648.6500244140625,892.3499755859375,855.2999877929688
2023-01-27 00:00:00+00:00,1615.800048828125,873.75,817.2000122070312
2023-01-30 00:00:00+00:00,1614.1500244140625,871.8499755859375,823.5
2023-01-31 00:00:00+00:00,1603.5,871.5999755859375,831.9000244140625
2023-02-01 00:00:00+00:00,1627.550048828125,857.25,847.9500122070312
2023-02-02 00:00:00+00:00,1603.3499755859375,868.4500122070312,857.9000244140625
2023-02-03 00:00:00+00:00,1658.800048828125,882.5999755859375,863.7999877929688
2023-02-06 00:00:00+00:00,1651.75,882.6500244140625,853.7000122070312
2023-02-07 00:00:00+00:00,1654.199951171875,879.0999755859375,852.75
2023-02-08 00:00:00+00:00,1654.0,871.75,859.0999755859375
2023-02-09 00:00:00+00:00,1650.550048828125,867.7000122070312,860.7999877929688
2023-02-10 00:00:00+00:00,1657.0999755859375,867.25,853.8499755859375
2023-02-13 00:00:00+00:00,1658.3499755859375,859.0999755859375,850.6500244140625
2023-02-14 00:00:00+00:00,1673.699951171875,870.75,865.2999877929688
2023-02-15 00:00:00+00:00,1670.300048828125,868.2999877929688,870.7999877929688
2023-02-16 00:00:00+00:00,1664.25,864.75,869.4500122070312
2023-02-17 00:00:00+00:00,1655.9000244140625,854.9000244140625,862.6500244140625
2023-02-20 00:00:00+00:00,1640.3499755859375,846.75,852.0999755859375
2023-02-21 00:00:00+00:00,1646.5,844.0499877929688,854.2000122070312
2023-02-22 00:00:00+00:00,1614.199951171875,833.3499755859375,839.25
2023-02-23 00:00:00+00:00,1603.25,844.3499755859375,839.75
2023-02-24 00:00:00+00:00,1588.949951171875,851.4000244140625,839.7000122070312
2023-02-27 00:00:00+00:00,1592.9000244140625,854.3499755859375,856.4000244140625
2023-02-28 00:00:00+00:00,1599.5999755859375,844.0999755859375,854.8499755859375
2023-03-01 00:00:00+00:00,1598.050048828125,865.1500244140625,856.2999877929688
2023-03-02 00:00:00+00:00,1584.449951171875,845.4500122070312,854.0
2023-03-03 00:00:00+00:00,1615.9000244140625,852.6500244140625,868.5499877929688
2023-03-06 00:00:00+00:00,1627.300048828125,859.5,867.75
2023-03-08 00:00:00+00:00,1630.550048828125,860.9500122070312,872.0999755859375
2023-03-09 00:00:00+00:00,1630.699951171875,867.7999877929688,855.9500122070312
2023-03-10 00:00:00+00:00,1588.6500244140625,851.9000244140625,842.6500244140625
2023-03-13 00:00:00+00:00,1568.550048828125,832.3499755859375,828.4000244140625
2023-03-14 00:00:00+00:00,1564.3499755859375,832.8499755859375,830.3499755859375
2023-03-15 00:00:00+00:00,1541.9000244140625,824.0499877929688,825.9000244140625
2023-03-16 00:00:00+00:00,1551.9000244140625,830.5499877929688,823.9000244140625
2023-03-17 00:00:00+00:00,1572.6500244140625,837.4000244140625,836.25
2023-03-20 00:00:00+00:00,1561.75,837.5499877929688,836.4500122070312
2023-03-21 00:00:00+00:00,1579.449951171875,855.5999755859375,852.4000244140625
2023-03-22 00:00:00+00:00,1575.800048828125,849.6500244140625,860.2000122070312
2023-03-23 00:00:00+00:00,1563.1500244140625,848.7999877929688,855.4500122070312
2023-03-24 00:00:00+00:00,1560.6500244140625,839.9000244140625,852.4000244140625
2023-03-27 00:00:00+00:00,1567.449951171875,833.3499755859375,848.7000122070312
2023-03-28 00:00:00+00:00,1580.199951171875,832.4500122070312,854.75
2023-03-29 00:00:00+00:00,1587.800048828125,842.5999755859375,851.0
2023-03-31 00:00:00+00:00,1609.550048828125,858.5,877.25
2023-04-03 00:00:00+00:00,1610.550048828125,864.5999755859375,883.7999877929688
2023-04-05 00:00:00+00:00,1653.75,860.5,884.5999755859375
2023-04-06 00:00:00+00:00,1666.3499755859375,851.9500122070312,875.0
2023-04-10 00:00:00+00:00,1658.449951171875,847.3499755859375,868.4500122070312
2023-04-11 00:00:00+00:00,1663.300048828125,853.2999877929688,881.9000244140625
2023-04-12 00:00:00+00:00,1684.9000244140625,851.0499877929688,890.1500244140625
2023-04-13 00:00:00+00:00,1692.449951171875,864.3499755859375,899.0
2023-04-17 00:00:00+00:00,1666.6500244140625,864.5499877929688,901.2999877929688
2023-04-18 00:00:00+00:00,1659.5999755859375,863.3499755859375,896.8499755859375
2023-04-19 00:00:00+00:00,1665.699951171875,873.4000244140625,891.9000244140625
2023-04-20 00:00:00+00:00,1671.9000244140625,868.75,894.4000244140625
2023-04-21 00:00:00+00:00,1674.5999755859375,864.2000122070312,885.6500244140625
2023-04-24 00:00:00+00:00,1688.1500244140625,882.2999877929688,904.75
2023-04-25 00:00:00+00:00,1664.1500244140625,878.3499755859375,913.4500122070312
2023-04-26 00:00:00+00:00,1671.800048828125,887.6500244140625,914.9500122070312
2023-04-27 00:00:00+00:00,1681.0,881.4000244140625,918.3499755859375
2023-04-28 00:00:00+00:00,1687.5999755859375,860.0,917.6500244140625
2023-05-02 00:00:00+00:00,1687.25,870.6500244140625,922.0999755859375
2023-05-03 00:00:00+00:00,1693.1500244140625,859.8499755859375,922.8499755859375
2023-05-04 00:00:00+00:00,1727.800048828125,865.9500122070312,921.7000122070312
2023-05-05 00:00:00+00:00,1625.6500244140625,865.2999877929688,926.9500122070312
2023-05-08 00:00:00+00:00,1644.449951171875,878.4500122070312,937.9000244140625
2023-05-09 00:00:00+00:00,1644.5,888.25,934.4000244140625
2023-05-10 00:00:00+00:00,1652.0999755859375,889.9000244140625,936.0499877929688
2023-05-11 00:00:00+00:00,1653.199951171875,895.9500122070312,939.2000122070312
2023-05-12 00:00:00+00:00,1667.800048828125,910.6500244140625,943.9000244140625
2023-05-15 00:00:00+00:00,1675.800048828125,915.7999877929688,945.75
2023-05-16 00:00:00+00:00,1647.300048828125,917.7999877929688,946.3499755859375
2023-05-17 00:00:00+00:00,1638.449951171875,914.7999877929688,939.3499755859375
2023-05-18 00:00:00+00:00,1645.0,914.7000122070312,946.5
2023-05-19 00:00:00+00:00,1646.9000244140625,924.0499877929688,954.2999877929688
2023-05-22 00:00:00+00:00,1641.050048828125,917.5499877929688,950.3499755859375
2023-05-23 00:00:00+00:00,1637.199951171875,916.1500244140625,953.4000244140625
2023-05-24 00:00:00+00:00,1615.800048828125,917.7000122070312,940.6500244140625
2023-05-25 00:00:00+00:00,1609.5999755859375,921.0499877929688,939.8499755859375
2023-05-26 00:00:00+00:00,1615.800048828125,926.9500122070312,950.7000122070312
2023-05-29 00:00:00+00:00,1635.5,929.7999877929688,948.1500244140625
2023-05-30 00:00:00+00:00,1636.75,937.4500122070312,949.9500122070312
2023-05-31 00:00:00+00:00,1610.8499755859375,914.8499755859375,949.1500244140625
2023-06-01 00:00:00+00:00,1604.0,919.7000122070312,936.0999755859375
2023-06-02 00:00:00+00:00,1606.5,926.0999755859375,938.1500244140625
2023-06-05 00:00:00+00:00,1604.4000244140625,950.8499755859375,946.75
2023-06-06 00:00:00+00:00,1599.4000244140625,968.2000122070312,942.0999755859375
2023-06-07 00:00:00+00:00,1607.699951171875,976.75,940.2000122070312
2023-06-08 00:00:00+00:00,1608.699951171875,962.0999755859375,937.9000244140625
2023-06-09 00:00:00+00:00,1610.5999755859375,974.75,938.0499877929688
2023-06-12 00:00:00+00:00,1600.800048828125,974.2000122070312,935.9500122070312
2023-06-13 00:00:00+00:00,1603.5,985.8499755859375,943.5499877929688
2023-06-14 00:00:00+00:00,1601.75,977.7000122070312,939.7999877929688
2023-06-15 00:00:00+00:00,1582.050048828125,977.1500244140625,926.5999755859375
2023-06-16 00:00:00+00:00,1602.75,981.5499877929688,934.2000122070312
2023-06-19 00:00:00+00:00,1604.1500244140625,965.6500244140625,923.1500244140625
2023-06-20 00:00:00+00:00,1607.5,974.8499755859375,925.5499877929688
2023-06-21 00:00:00+00:00,1635.5999755859375,966.0,924.7000122070312
2023-06-22 00:00:00+00:00,1643.5999755859375,966.5999755859375,925.75
2023-06-23 00:00:00+00:00,1643.5,958.4000244140625,923.5
2023-06-26 00:00:00+00:00,1635.550048828125,960.5499877929688,927.4500122070312
2023-06-27 00:00:00+00:00,1658.5999755859375,973.25,936.0999755859375
2023-06-28 00:00:00+00:00,1676.1500244140625,978.2000122070312,937.4500122070312
2023-06-30 00:00:00+00:00,1701.4000244140625,987.4500122070312,934.5999755859375
2023-07-03 00:00:00+00:00,1719.800048828125,982.0999755859375,942.5499877929688
2023-07-04 00:00:00+00:00,1728.199951171875,970.7000122070312,944.7000122070312
2023-07-05 00:00:00+00:00,1673.300048828125,966.5,958.0
2023-07-06 00:00:00+00:00,1675.0,980.9500122070312,959.4000244140625
2023-07-07 00:00:00+00:00,1660.4000244140625,976.7000122070312,946.4000244140625
2023-07-10 00:00:00+00:00,1656.449951171875,964.0499877929688,948.4000244140625
2023-07-11 00:00:00+00:00,1648.4000244140625,953.2000122070312,944.9500122070312
2023-07-12 00:00:00+00:00,1632.949951171875,950.0,944.4000244140625
2023-07-13 00:00:00+00:00,1641.0999755859375,960.1500244140625,955.7000122070312
2023-07-14 00:00:00+00:00,1644.5,957.0499877929688,960.0499877929688
2023-07-17 00:00:00+00:00,1678.9000244140625,964.8499755859375,968.7000122070312
2023-07-18 00:00:00+00:00,1677.5,963.6500244140625,975.4500122070312
2023-07-19 00:00:00+00:00,1685.0999755859375,964.2999877929688,973.4500122070312
2023-07-20 00:00:00+00:00,1688.75,977.9000244140625,995.5999755859375
2023-07-21 00:00:00+00:00,1675.75,971.2999877929688,997.0
2023-07-24 00:00:00+00:00,1678.4000244140625,971.5,992.0
2023-07-25 00:00:00+00:00,1696.5999755859375,962.5,994.7000122070312
2023-07-26 00:00:00+00:00,1690.699951171875,976.7999877929688,996.4500122070312
2023-07-27 00:00:00+00:00,1673.1500244140625,959.9000244140625,990.25
2023-07-28 00:00:00+00:00,1643.5,949.9500122070312,996.2000122070312
2023-07-31 00:00:00+00:00,1651.199951171875,953.9000244140625,998.2999877929688
2023-08-01 00:00:00+00:00,1662.25,959.9000244140625,994.5499877929688
2023-08-02 00:00:00+00:00,1640.5,945.25,986.9500122070312
2023-08-03 00:00:00+00:00,1628.6500244140625,935.5499877929688,965.0
2023-08-04 00:00:00+00:00,1652.199951171875,952.25,970.5
2023-08-07 00:00:00+00:00,1651.25,947.4000244140625,975.6500244140625
2023-08-08 00:00:00+00:00,1649.9000244140625,952.9000244140625,979.9000244140625
2023-08-09 00:00:00+00:00,1650.5,950.0,972.7000122070312
2023-08-10 00:00:00+00:00,1635.8499755859375,939.75,964.0999755859375
2023-08-11 00:00:00+00:00,1618.800048828125,937.2000122070312,952.8499755859375
2023-08-14 00:00:00+00:00,1610.9000244140625,939.9500122070312,959.5499877929688
2023-08-16 00:00:00+00:00,1606.199951171875,933.0499877929688,956.5
2023-08-17 00:00:00+00:00,1597.300048828125,936.5499877929688,951.6500244140625
2023-08-18 00:00:00+00:00,1590.75,943.0499877929688,950.6500244140625
2023-08-21 00:00:00+00:00,1589.5,952.5999755859375,955.2000122070312
2023-08-22 00:00:00+00:00,1582.699951171875,957.0499877929688,952.0
2023-08-23 00:00:00+00:00,1586.5999755859375,979.25,966.8499755859375
2023-08-24 00:00:00+00:00,1579.300048828125,981.3499755859375,968.9500122070312
2023-08-25 00:00:00+00:00,1561.5,983.0999755859375,970.4000244140625
2023-08-28 00:00:00+00:00,1577.75,990.2000122070312,970.5499877929688
2023-08-29 00:00:00+00:00,1590.300048828125,980.7000122070312,967.75
2023-08-30 00:00:00+00:00,1578.699951171875,983.3499755859375,958.9000244140625
2023-08-31 00:00:00+00:00,1571.449951171875,973.5,958.75
2023-09-01 00:00:00+00:00,1574.699951171875,991.1500244140625,968.7000122070312
2023-09-04 00:00:00+00:00,1584.550048828125,982.25,967.3499755859375
2023-09-05 00:00:00+00:00,1574.9000244140625,981.4500122070312,968.4000244140625
2023-09-06 00:00:00+00:00,1595.5,965.0499877929688,957.5
2023-09-07 00:00:00+00:00,1610.8499755859375,978.2000122070312,965.6500244140625
2023-09-08 00:00:00+00:00,1623.4000244140625,980.2999877929688,970.5499877929688
2023-09-11 00:00:00+00:00,1631.800048828125,1000.4000244140625,978.25
2023-09-12 00:00:00+00:00,1636.9000244140625,1000.9000244140625,990.5
2023-09-13 00:00:00+00:00,1643.9000244140625,1014.4500122070312,989.7999877929688
2023-09-14 00:00:00+00:00,1642.9000244140625,1020.9000244140625,987.7000122070312
2023-09-15 00:00:00+00:00,1661.75,1027.1500244140625,992.4500122070312
2023-09-18 00:00:00+00:00,1629.050048828125,1024.75,990.2000122070312
2023-09-20 00:00:00+00:00,1563.699951171875,1027.300048828125,987.1500244140625
2023-09-21 00:00:00+00:00,1553.3499755859375,1014.4500122070312,959.2999877929688
2023-09-22 00:00:00+00:00,1529.6500244140625,1018.25,950.2999877929688
2023-09-25 00:00:00+00:00,1531.0,1018.9500122070312,956.3499755859375
2023-09-26 00:00:00+00:00,1537.6500244140625,1014.1500244140625,948.7000122070312
2023-09-27 00:00:00+00:00,1526.8499755859375,1025.199951171875,943.0999755859375
2023-09-28 00:00:00+00:00,1523.699951171875,1030.9000244140625,942.5999755859375
2023-09-29 00:00:00+00:00,1526.300048828125,1036.699951171875,951.9000244140625
2023-10-03 00:00:00+00:00,1508.050048828125,1041.050048828125,940.2999877929688
2023-10-04 00:00:00+00:00,1529.550048828125,995.5499877929688,930.0499877929688
2023-10-05 00:00:00+00:00,1535.75,1003.25,940.8499755859375
2023-10-06 00:00:00+00:00,1534.050048828125,1000.9500122070312,945.2000122070312
2023-10-09 00:00:00+00:00,1516.25,996.25,938.5999755859375
2023-10-10 00:00:00+00:00,1524.8499755859375,1012.25,951.2000122070312
2023-10-11 00:00:00+00:00,1539.5999755859375,1019.0999755859375,953.0999755859375
2023-10-12 00:00:00+00:00,1549.8499755859375,1018.4500122070312,954.25
2023-10-13 00:00:00+00:00,1535.75,994.0499877929688,951.2999877929688
2023-10-16 00:00:00+00:00,1529.5999755859375,1004.7999877929688,951.4000244140625
2023-10-17 00:00:00+00:00,1541.199951171875,1008.0499877929688,953.9000244140625
2023-10-18 00:00:00+00:00,1519.75,992.8499755859375,943.75
2023-10-19 00:00:00+00:00,1514.949951171875,991.4000244140625,935.75
2023-10-20 00:00:00+00:00,1522.800048828125,980.3499755859375,932.75
2023-10-23 00:00:00+00:00,1506.050048828125,964.2999877929688,929.9500122070312
2023-10-25 00:00:00+00:00,1496.5,955.4500122070312,916.0999755859375
2023-10-26 00:00:00+00:00,1463.4000244140625,972.0499877929688,908.6500244140625
2023-10-27 00:00:00+00:00,1469.1500244140625,1002.75,912.75
2023-10-30 00:00:00+00:00,1485.0999755859375,989.2000122070312,924.9000244140625
2023-10-31 00:00:00+00:00,1476.5,981.8499755859375,915.3499755859375
2023-11-01 00:00:00+00:00,1474.5,971.7999877929688,914.0499877929688
2023-11-02 00:00:00+00:00,1476.75,982.9500122070312,919.9500122070312
2023-11-03 00:00:00+00:00,1483.75,988.8499755859375,933.7999877929688
2023-11-06 00:00:00+00:00,1494.5,1009.4000244140625,945.4500122070312
2023-11-07 00:00:00+00:00,1487.25,1020.9000244140625,948.0999755859375
2023-11-08 00:00:00+00:00,1491.550048828125,1021.7000122070312,935.75
2023-11-09 00:00:00+00:00,1485.6500244140625,1021.9000244140625,937.3499755859375
2023-11-10 00:00:00+00:00,1491.5,1029.199951171875,938.5999755859375
2023-11-13 00:00:00+00:00,1488.800048828125,1025.3499755859375,934.4500122070312
2023-11-15 00:00:00+00:00,1504.4000244140625,1041.3499755859375,941.0999755859375
2023-11-16 00:00:00+00:00,1508.3499755859375,1026.3499755859375,936.0
2023-11-17 00:00:00+00:00,1505.0999755859375,994.3499755859375,921.8499755859375
2023-11-20 00:00:00+00:00,1505.199951171875,988.7000122070312,921.4500122070312
2023-11-21 00:00:00+00:00,1517.949951171875,991.7999877929688,926.0999755859375
2023-11-22 00:00:00+00:00,1512.550048828125,998.0999755859375,922.75
2023-11-23 00:00:00+00:00,1521.300048828125,999.0499877929688,923.0
2023-11-24 00:00:00+00:00,1532.0999755859375,1008.5,929.4000244140625
2023-11-28 00:00:00+00:00,1528.6500244140625,1021.1500244140625,925.5
2023-11-29 00:00:00+00:00,1559.1500244140625,1060.1500244140625,939.5999755859375
2023-11-30 00:00:00+00:00,1558.800048828125,1074.25,934.9500122070312
2023-12-01 00:00:00+00:00,1555.4000244140625,1104.6500244140625,946.7000122070312
2023-12-04 00:00:00+00:00,1609.4000244140625,1125.5999755859375,991.2000122070312
2023-12-05 00:00:00+00:00,1623.699951171875,1132.449951171875,1013.4500122070312
2023-12-06 00:00:00+00:00,1627.800048828125,1120.5,1003.25
2023-12-07 00:00:00+00:00,1630.449951171875,1117.8499755859375,999.0
2023-12-08 00:00:00+00:00,1653.199951171875,1131.199951171875,1010.8499755859375
2023-12-11 00:00:00+00:00,1651.0,1116.5,1017.0999755859375
2023-12-12 00:00:00+00:00,1634.5999755859375,1131.0,1015.7000122070312
2023-12-13 00:00:00+00:00,1630.9000244140625,1114.8499755859375,1013.9000244140625
2023-12-14 00:00:00+00:00,1650.1500244140625,1120.449951171875,1033.6500244140625
2023-12-15 00:00:00+00:00,1656.550048828125,1120.3499755859375,1037.4000244140625
2023-12-18 00:00:00+00:00,1655.699951171875,1111.3499755859375,1021.4500122070312
2023-12-19 00:00:00+00:00,1652.9000244140625,1120.25,1015.4500122070312
2023-12-20 00:00:00+00:00,1657.0,1110.25,1006.6500244140625
2023-12-21 00:00:00+00:00,1686.699951171875,1095.4000244140625,1004.4000244140625
2023-12-22 00:00:00+00:00,1670.8499755859375,1088.300048828125,994.2999877929688
2023-12-26 00:00:00+00:00,1682.449951171875,1094.25,995.0999755859375
2023-12-27 00:00:00+00:00,1703.300048828125,1106.3499755859375,1002.25
2023-12-28 00:00:00+00:00,1705.25,1107.8499755859375,1005.9000244140625
2023-12-29 00:00:00+00:00,1709.25,1102.300048828125,996.5999755859375
2024-01-01 00:00:00+00:00,1698.0999755859375,1097.699951171875,999.4000244140625
2024-01-02 00:00:00+00:00,1699.0999755859375,1093.25,982.25
2024-01-03 00:00:00+00:00,1672.9000244140625,1098.5999755859375,984.0499877929688
2024-01-04 00:00:00+00:00,1690.8499755859375,1123.4000244140625,987.1500244140625
2024-01-05 00:00:00+00:00,1682.199951171875,1136.949951171875,993.7000122070312
2024-01-08 00:00:00+00:00,1663.449951171875,1122.0,982.0
2024-01-09 00:00:00+00:00,1650.5,1116.550048828125,979.75
2024-01-10 00:00:00+00:00,1655.949951171875,1107.0,993.0499877929688
2024-01-11 00:00:00+00:00,1649.0,1125.75,991.1500244140625
2024-01-12 00:00:00+00:00,1641.199951171875,1120.3499755859375,1003.5
2024-01-15 00:00:00+00:00,1672.800048828125,1119.5,1009.8499755859375
2024-01-16 00:00:00+00:00,1679.1500244140625,1119.0999755859375,1009.0499877929688
2024-01-17 00:00:00+00:00,1537.5,1082.300048828125,981.75
2024-01-18 00:00:00+00:00,1486.1500244140625,1097.5,986.3499755859375
2024-01-19 00:00:00+00:00,1470.6500244140625,1116.550048828125,999.2000122070312
2024-01-23 00:00:00+00:00,1427.3499755859375,1089.25,1029.050048828125
2024-01-24 00:00:00+00:00,1455.9000244140625,1059.1500244140625,999.2000122070312
2024-01-25 00:00:00+00:00,1434.9000244140625,1042.25,1009.9500122070312
2024-01-29 00:00:00+00:00,1454.6500244140625,1061.25,1016.4000244140625
2024-01-30 00:00:00+00:00,1444.300048828125,1054.0999755859375,1016.9000244140625
2024-01-31 00:00:00+00:00,1462.550048828125,1067.75,1028.1500244140625
2024-02-01 00:00:00+00:00,1466.3499755859375,1084.25,1025.1500244140625
2024-02-02 00:00:00+00:00,1446.1500244140625,1067.050048828125,1024.0
2024-02-05 00:00:00+00:00,1444.8499755859375,1061.5,1023.5
2024-02-06 00:00:00+00:00,1444.0999755859375,1050.050048828125,1026.4000244140625
2024-02-07 00:00:00+00:00,1429.949951171875,1069.0999755859375,1022.1500244140625
2024-02-08 00:00:00+00:00,1403.050048828125,1035.9000244140625,989.2999877929688
2024-02-09 00:00:00+00:00,1403.5999755859375,1051.4000244140625,1010.7000122070312
2024-02-12 00:00:00+00:00,1390.0,1046.699951171875,996.0999755859375
2024-02-13 00:00:00+00:00,1394.449951171875,1070.75,1019.7999877929688
2024-02-14 00:00:00+00:00,1384.050048828125,1096.8499755859375,1022.7000122070312
2024-02-15 00:00:00+00:00,1414.050048828125,1072.199951171875,1016.6500244140625
2024-02-16 00:00:00+00:00,1419.9000244140625,1068.75,1023.25
2024-02-19 00:00:00+00:00,1417.0999755859375,1062.949951171875,1043.75
2024-02-20 00:00:00+00:00,1454.300048828125,1088.5999755859375,1048.75
2024-02-21 00:00:00+00:00,1439.1500244140625,1084.199951171875,1051.949951171875
2024-02-22 00:00:00+00:00,1419.550048828125,1100.9000244140625,1062.699951171875
2024-02-23 00:00:00+00:00,1420.5999755859375,1096.800048828125,1061.300048828125
2024-02-26 00:00:00+00:00,1422.300048828125,1085.199951171875,1054.199951171875
2024-02-27 00:00:00+00:00,1420.1500244140625,1079.050048828125,1060.199951171875
2024-02-28 00:00:00+00:00,1409.4000244140625,1074.199951171875,1046.199951171875
2024-02-29 00:00:00+00:00,1403.4000244140625,1075.0999755859375,1052.199951171875
2024-03-01 00:00:00+00:00,1430.75,1099.25,1086.9000244140625
2024-03-04 00:00:00+00:00,1432.699951171875,1106.75,1092.3499755859375
2024-03-05 00:00:00+00:00,1440.8499755859375,1100.800048828125,1088.050048828125
2024-03-06 00:00:00+00:00,1442.5999755859375,1125.0,1097.0999755859375
2024-03-07 00:00:00+00:00,1446.0999755859375,1111.449951171875,1087.949951171875
2024-03-11 00:00:00+00:00,1427.800048828125,1105.0999755859375,1078.699951171875
2024-03-12 00:00:00+00:00,1459.550048828125,1097.0,1076.8499755859375
2024-03-13 00:00:00+00:00,1460.4000244140625,1080.4000244140625,1083.949951171875
2024-03-14 00:00:00+00:00,1455.449951171875,1058.25,1083.5999755859375
2024-03-15 00:00:00+00:00,1452.6500244140625,1046.4000244140625,1080.3499755859375
2024-03-18 00:00:00+00:00,1446.050048828125,1061.3499755859375,1081.199951171875
2024-03-19 00:00:00+00:00,1449.3499755859375,1050.800048828125,1083.949951171875
2024-03-20 00:00:00+00:00,1431.050048828125,1034.75,1084.5
2024-03-21 00:00:00+00:00,1445.75,1035.5999755859375,1081.800048828125
2024-03-22 00:00:00+00:00,1442.8499755859375,1033.300048828125,1090.300048828125
2024-03-26 00:00:00+00:00,1425.4000244140625,1040.550048828125,1083.699951171875
2024-03-27 00:00:00+00:00,1440.699951171875,1052.8499755859375,1083.75
2024-03-28 00:00:00+00:00,1447.9000244140625,1047.199951171875,1093.300048828125
2024-04-01 00:00:00+00:00,1470.5,1053.0999755859375,1099.6500244140625
2024-04-02 00:00:00+00:00,1480.1500244140625,1047.199951171875,1081.199951171875
2024-04-03 00:00:00+00:00,1482.300048828125,1063.25,1077.199951171875
2024-04-04 00:00:00+00:00,1527.5999755859375,1062.949951171875,1078.8499755859375
2024-04-05 00:00:00+00:00,1549.550048828125,1059.0999755859375,1083.4000244140625
2024-04-08 00:00:00+00:00,1546.5999755859375,1076.050048828125,1087.1500244140625
2024-04-09 00:00:00+00:00,1548.550048828125,1080.0,1107.050048828125
2024-04-10 00:00:00+00:00,1536.3499755859375,1087.800048828125,1109.4000244140625
2024-04-12 00:00:00+00:00,1518.949951171875,1073.449951171875,1104.4000244140625
2024-04-15 00:00:00+00:00,1494.699951171875,1057.949951171875,1078.3499755859375
2024-04-16 00:00:00+00:00,1509.25,1051.9000244140625,1067.050048828125
2024-04-18 00:00:00+00:00,1494.699951171875,1024.0,1055.449951171875
2024-04-19 00:00:00+00:00,1531.300048828125,1029.0999755859375,1067.25
2024-04-22 00:00:00+00:00,1512.199951171875,1053.949951171875,1086.6500244140625
2024-04-23 00:00:00+00:00,1507.5999755859375,1055.75,1090.25
2024-04-24 00:00:00+00:00,1511.699951171875,1063.25,1096.75
2024-04-25 00:00:00+00:00,1510.75,1127.0,1113.75
2024-04-26 00:00:00+00:00,1509.800048828125,1130.300048828125,1107.9000244140625
2024-04-29 00:00:00+00:00,1529.5,1159.25,1160.1500244140625
2024-04-30 00:00:00+00:00,1520.0999755859375,1165.9000244140625,1150.4000244140625
2024-05-02 00:00:00+00:00,1532.25,1149.8499755859375,1139.449951171875
2024-05-03 00:00:00+00:00,1519.5999755859375,1141.5,1142.050048828125
2024-05-06 00:00:00+00:00,1522.6500244140625,1143.6500244140625,1146.300048828125
2024-05-07 00:00:00+00:00,1506.1500244140625,1127.699951171875,1131.9000244140625
2024-05-08 00:00:00+00:00,1482.6500244140625,1128.6500244140625,1123.0
2024-05-09 00:00:00+00:00,1447.5,1115.6500244140625,1115.699951171875
2024-05-10 00:00:00+00:00,1437.9000244140625,1120.0999755859375,1117.050048828125
2024-05-13 00:00:00+00:00,1455.25,1132.0,1128.0
2024-05-14 00:00:00+00:00,1460.949951171875,1122.8499755859375,1120.550048828125
2024-05-15 00:00:00+00:00,1438.5,1128.050048828125,1124.3499755859375
2024-05-16 00:00:00+00:00,1460.25,1139.300048828125,1131.050048828125
2024-05-17 00:00:00+00:00,1464.0999755859375,1141.3499755859375,1130.5
2024-05-21 00:00:00+00:00,1458.800048828125,1137.6500244140625,1120.949951171875
2024-05-22 00:00:00+00:00,1459.199951171875,1126.0,1111.0999755859375
2024-05-23 00:00:00+00:00,1492.5999755859375,1165.25,1134.5
2024-05-24 00:00:00+00:00,1517.199951171875,1174.0,1131.949951171875
2024-05-27 00:00:00+00:00,1527.699951171875,1187.0,1129.800048828125
2024-05-28 00:00:00+00:00,1530.5,1183.4000244140625,1126.949951171875
2024-05-29 00:00:00+00:00,1508.300048828125,1159.75,1102.0
2024-05-30 00:00:00+00:00,1514.8499755859375,1167.949951171875,1113.699951171875
2024-05-31 00:00:00+00:00,1531.550048828125,1162.1500244140625,1121.050048828125
2024-06-03 00:00:00+00:00,1572.199951171875,1223.9000244140625,1160.0
2024-06-04 00:00:00+00:00,1483.1500244140625,1131.25,1071.449951171875
2024-06-05 00:00:00+00:00,1551.800048828125,1184.5,1108.6500244140625
2024-06-06 00:00:00+00:00,1559.699951171875,1170.949951171875,1110.4000244140625
2024-06-07 00:00:00+00:00,1573.3499755859375,1186.800048828125,1121.699951171875
2024-06-10 00:00:00+00:00,1561.300048828125,1200.0,1123.800048828125
2024-06-11 00:00:00+00:00,1564.800048828125,1194.5999755859375,1118.199951171875
2024-06-12 00:00:00+00:00,1574.1500244140625,1187.9000244140625,1119.550048828125
2024-06-13 00:00:00+00:00,1580.75,1174.6500244140625,1107.3499755859375
2024-06-14 00:00:00+00:00,1596.9000244140625,1181.050048828125,1105.6500244140625
2024-06-18 00:00:00+00:00,1607.800048828125,1191.9000244140625,1122.8499755859375
2024-06-19 00:00:00+00:00,1657.8499755859375,1226.6500244140625,1144.449951171875
2024-06-20 00:00:00+00:00,1669.3499755859375,1239.5,1156.800048828125
2024-06-21 00:00:00+00:00,1665.75,1237.449951171875,1158.6500244140625
2024-06-24 00:00:00+00:00,1672.4000244140625,1228.0999755859375,1170.0999755859375
2024-06-25 00:00:00+00:00,1711.3499755859375,1271.449951171875,1197.949951171875
2024-06-26 00:00:00+00:00,1701.5,1285.4000244140625,1218.0
2024-06-27 00:00:00+00:00,1696.1500244140625,1288.949951171875,1219.9000244140625
2024-06-28 00:00:00+00:00,1683.800048828125,1265.25,1199.5999755859375
2024-07-01 00:00:00+00:00,1705.199951171875,1261.9000244140625,1211.8499755859375
2024-07-02 00:00:00+00:00,1730.5999755859375,1253.4000244140625,1190.5999755859375
2024-07-03 00:00:00+00:00,1768.6500244140625,1280.0,1201.5999755859375
2024-07-04 00:00:00+00:00,1727.1500244140625,1280.9000244140625,1233.0
2024-07-05 00:00:00+00:00,1648.0999755859375,1287.050048828125,1233.4000244140625
2024-07-08 00:00:00+00:00,1635.3499755859375,1287.8499755859375,1235.050048828125
2024-07-09 00:00:00+00:00,1636.5,1289.4000244140625,1248.25
2024-07-10 00:00:00+00:00,1626.0999755859375,1291.6500244140625,1243.199951171875
2024-07-11 00:00:00+00:00,1621.9000244140625,1296.75,1238.449951171875
2024-07-12 00:00:00+00:00,1622.699951171875,1317.300048828125,1232.9000244140625
2024-07-15 00:00:00+00:00,1622.0999755859375,1307.449951171875,1229.949951171875
2024-07-16 00:00:00+00:00,1619.75,1304.0,1239.9000244140625
2024-07-18 00:00:00+00:00,1614.800048828125,1309.4000244140625,1250.300048828125
2024-07-19 00:00:00+00:00,1607.300048828125,1292.3499755859375,1248.6500244140625
2024-07-22 00:00:00+00:00,1642.550048828125,1282.5,1241.1500244140625
2024-07-23 00:00:00+00:00,1618.4000244140625,1263.25,1226.75
2024-07-24 00:00:00+00:00,1604.050048828125,1239.25,1223.0
2024-07-25 00:00:00+00:00,1616.5999755859375,1175.9000244140625,1197.9000244140625
2024-07-26 00:00:00+00:00,1618.1500244140625,1177.3499755859375,1207.199951171875
2024-07-29 00:00:00+00:00,1605.050048828125,1170.050048828125,1212.699951171875
2024-07-30 00:00:00+00:00,1615.550048828125,1170.0,1209.449951171875
2024-07-31 00:00:00+00:00,1615.75,1166.0999755859375,1214.9000244140625
2024-08-01 00:00:00+00:00,1638.800048828125,1172.300048828125,1210.0999755859375
2024-08-02 00:00:00+00:00,1659.1500244140625,1160.8499755859375,1196.550048828125
2024-08-05 00:00:00+00:00,1615.75,1133.5,1172.5999755859375
2024-08-06 00:00:00+00:00,1601.199951171875,1126.0999755859375,1166.8499755859375
2024-08-07 00:00:00+00:00,1623.5,1136.800048828125,1172.449951171875
2024-08-08 00:00:00+00:00,1642.699951171875,1138.1500244140625,1164.5999755859375
2024-08-09 00:00:00+00:00,1650.199951171875,1142.75,1171.5999755859375
2024-08-12 00:00:00+00:00,1660.0999755859375,1164.300048828125,1172.800048828125
2024-08-13 00:00:00+00:00,1603.199951171875,1159.5999755859375,1168.3499755859375
2024-08-14 00:00:00+00:00,1607.800048828125,1153.0999755859375,1161.6500244140625
2024-08-16 00:00:00+00:00,1632.0999755859375,1166.8499755859375,1187.25
2024-08-19 00:00:00+00:00,1631.550048828125,1153.25,1175.9000244140625
2024-08-20 00:00:00+00:00,1637.699951171875,1168.0,1179.449951171875
2024-08-21 00:00:00+00:00,1625.800048828125,1174.4000244140625,1174.8499755859375
2024-08-22 00:00:00+00:00,1631.300048828125,1169.949951171875,1191.0999755859375
2024-08-23 00:00:00+00:00,1625.050048828125,1165.949951171875,1203.5
2024-08-26 00:00:00+00:00,1639.949951171875,1170.300048828125,1213.300048828125
2024-08-27 00:00:00+00:00,1637.75,1181.25,1226.3499755859375
2024-08-28 00:00:00+00:00,1637.0999755859375,1170.949951171875,1223.8499755859375
2024-08-29 00:00:00+00:00,1638.550048828125,1175.4000244140625,1221.9000244140625
2024-08-30 00:00:00+00:00,1636.9000244140625,1175.25,1229.199951171875
2024-09-02 00:00:00+00:00,1626.949951171875,1188.800048828125,1229.949951171875
2024-09-03 00:00:00+00:00,1637.3499755859375,1191.5999755859375,1247.699951171875
2024-09-04 00:00:00+00:00,1641.800048828125,1177.699951171875,1236.3499755859375
2024-09-05 00:00:00+00:00,1645.449951171875,1180.550048828125,1235.949951171875
2024-09-06 00:00:00+00:00,1636.949951171875,1158.75,1208.1500244140625
2024-09-09 00:00:00+00:00,1646.5,1170.8499755859375,1235.0
2024-09-10 00:00:00+00:00,1650.3499755859375,1187.199951171875,1237.300048828125
2024-09-11 00:00:00+00:00,1643.9000244140625,1186.0999755859375,1236.3499755859375
2024-09-12 00:00:00+00:00,1666.5999755859375,1203.3499755859375,1252.1500244140625
2024-09-13 00:00:00+00:00,1665.949951171875,1217.449951171875,1250.3499755859375
2024-09-16 00:00:00+00:00,1670.949951171875,1231.050048828125,1262.8499755859375
2024-09-17 00:00:00+00:00,1668.800048828125,1232.0999755859375,1268.0999755859375
2024-09-18 00:00:00+00:00,1694.800048828125,1240.449951171875,1288.3499755859375
2024-09-19 00:00:00+00:00,1708.5,1242.699951171875,1292.0
2024-09-20 00:00:00+00:00,1741.199951171875,1245.0,1338.449951171875
2024-09-23 00:00:00+00:00,1759.800048828125,1246.800048828125,1321.9000244140625
2024-09-24 00:00:00+00:00,1768.050048828125,1239.550048828125,1318.5999755859375
2024-09-25 00:00:00+00:00,1779.0999755859375,1268.0999755859375,1323.8499755859375
2024-09-26 00:00:00+00:00,1783.449951171875,1277.0999755859375,1329.050048828125
2024-09-27 00:00:00+00:00,1752.6500244140625,1273.1500244140625,1306.5999755859375
2024-09-30 00:00:00+00:00,1732.050048828125,1232.199951171875,1273.0
2024-10-01 00:00:00+00:00,1726.199951171875,1226.6500244140625,1274.4000244140625
2024-10-03 00:00:00+00:00,1682.0,1175.699951171875,1256.3499755859375
2024-10-04 00:00:00+00:00,1657.6500244140625,1178.4000244140625,1239.75
2024-10-07 00:00:00+00:00,1617.800048828125,1145.699951171875,1233.9000244140625
2024-10-08 00:00:00+00:00,1651.050048828125,1153.300048828125,1236.5999755859375
2024-10-09 00:00:00+00:00,1633.1500244140625,1170.1500244140625,1244.1500244140625
2024-10-10 00:00:00+00:00,1662.4000244140625,1184.25,1243.5
2024-10-11 00:00:00+00:00,1651.0,1172.449951171875,1223.0
2024-10-14 00:00:00+00:00,1688.0999755859375,1164.3499755859375,1231.75
2024-10-15 00:00:00+00:00,1684.0999755859375,1153.8499755859375,1255.5
2024-10-16 00:00:00+00:00,1699.800048828125,1153.199951171875,1243.1500244140625
2024-10-17 00:00:00+00:00,1673.1500244140625,1131.8499755859375,1231.25
2024-10-18 00:00:00+00:00,1681.8499755859375,1196.8499755859375,1264.5
2024-10-21 00:00:00+00:00,1728.699951171875,1190.300048828125,1259.050048828125
2024-10-22 00:00:00+00:00,1714.550048828125,1175.75,1267.5
2024-10-23 00:00:00+00:00,1735.800048828125,1160.4000244140625,1251.5999755859375
2024-10-24 00:00:00+00:00,1749.6500244140625,1167.3499755859375,1252.75
2024-10-25 00:00:00+00:00,1743.4000244140625,1189.3499755859375,1255.449951171875
2024-10-28 00:00:00+00:00,1734.199951171875,1171.5999755859375,1292.8499755859375
2024-10-29 00:00:00+00:00,1751.8499755859375,1186.8499755859375,1331.8499755859375
2024-10-30 00:00:00+00:00,1734.5999755859375,1170.4000244140625,1312.1500244140625
2024-10-31 00:00:00+00:00,1735.699951171875,1159.550048828125,1292.25
2024-11-01 00:00:00+00:00,1737.300048828125,1169.550048828125,1291.800048828125
2024-11-04 00:00:00+00:00,1714.0999755859375,1139.25,1277.199951171875
2024-11-05 00:00:00+00:00,1757.8499755859375,1171.699951171875,1296.699951171875
2024-11-06 00:00:00+00:00,1755.25,1166.5,1302.3499755859375
2024-11-07 00:00:00+00:00,1746.550048828125,1159.9000244140625,1278.699951171875
2024-11-08 00:00:00+00:00,1754.449951171875,1160.949951171875,1258.8499755859375
2024-11-11 00:00:00+00:00,1766.300048828125,1171.0,1269.300048828125
2024-11-12 00:00:00+00:00,1718.199951171875,1158.1500244140625,1270.5999755859375
2024-11-13 00:00:00+00:00,1681.3499755859375,1139.1500244140625,1253.699951171875
2024-11-14 00:00:00+00:00,1692.75,1140.699951171875,1256.949951171875
2024-11-18 00:00:00+00:00,1705.0999755859375,1126.199951171875,1253.449951171875
2024-11-19 00:00:00+00:00,1742.25,1133.949951171875,1249.0999755859375
2024-11-21 00:00:00+00:00,1741.199951171875,1139.1500244140625,1250.550048828125
2024-11-22 00:00:00+00:00,1745.5999755859375,1142.4000244140625,1278.050048828125
2024-11-25 00:00:00+00:00,1785.5999755859375,1155.9000244140625,1300.949951171875
2024-11-26 00:00:00+00:00,1785.550048828125,1144.800048828125,1304.949951171875
2024-11-27 00:00:00+00:00,1812.300048828125,1149.6500244140625,1300.699951171875
2024-11-28 00:00:00+00:00,1793.1500244140625,1132.5,1286.3499755859375
2024-11-29 00:00:00+00:00,1796.050048828125,1136.300048828125,1300.0999755859375
2024-12-02 00:00:00+00:00,1804.699951171875,1137.0999755859375,1304.6500244140625
2024-12-03 00:00:00+00:00,1826.300048828125,1160.5,1308.4000244140625
2024-12-04 00:00:00+00:00,1860.0999755859375,1159.449951171875,1316.050048828125
2024-12-05 00:00:00+00:00,1865.75,1166.4000244140625,1336.5
2024-12-06 00:00:00+00:00,1855.8499755859375,1184.550048828125,1328.75
2024-12-09 00:00:00+00:00,1870.0,1163.25,1322.300048828125
2024-12-10 00:00:00+00:00,1868.0999755859375,1153.6500244140625,1330.449951171875
2024-12-11 00:00:00+00:00,1863.0999755859375,1147.25,1327.5
2024-12-12 00:00:00+00:00,1859.25,1145.6500244140625,1329.25
2024-12-13 00:00:00+00:00,1871.75,1148.1500244140625,1344.9000244140625
2024-12-16 00:00:00+00:00,1865.199951171875,1150.9000244140625,1346.0999755859375
2024-12-17 00:00:00+00:00,1833.25,1136.25,1333.75
2024-12-18 00:00:00+00:00,1810.699951171875,1122.25,1314.1500244140625
2024-12-19 00:00:00+00:00,1793.5,1108.9000244140625,1286.9000244140625
2024-12-20 00:00:00+00:00,1771.5,1071.8499755859375,1288.4000244140625
2024-12-23 00:00:00+00:00,1801.0,1079.1500244140625,1296.800048828125
2024-12-24 00:00:00+00:00,1798.0999755859375,1078.9000244140625,1297.25
2024-12-26 00:00:00+00:00,1790.75,1076.699951171875,1297.3499755859375
2024-12-27 00:00:00+00:00,1798.25,1077.449951171875,1307.550048828125
2024-12-30 00:00:00+00:00,1777.9000244140625,1069.949951171875,1294.6500244140625
2024-12-31 00:00:00+00:00,1772.8499755859375,1064.699951171875,1281.6500244140625
2025-01-01 00:00:00+00:00,1782.75,1071.800048828125,1283.6500244140625
2025-01-02 00:00:00+00:00,1793.75,1086.5999755859375,1290.5999755859375
2025-01-03 00:00:00+00:00,1749.199951171875,1084.9000244140625,1265.050048828125
2025-01-06 00:00:00+00:00,1710.5,1063.4000244140625,1264.0999755859375
2025-01-07 00:00:00+00:00,1713.4000244140625,1067.5,1279.25
2025-01-08 00:00:00+00:00,1694.300048828125,1074.949951171875,1263.75
2025-01-09 00:00:00+00:00,1667.800048828125,1061.75,1262.4000244140625
2025-01-10 00:00:00+00:00,1656.75,1040.699951171875,1249.8499755859375
2025-01-13 00:00:00+00:00,1630.8499755859375,1049.300048828125,1229.75
2025-01-14 00:00:00+00:00,1646.5999755859375,1051.6500244140625,1240.300048828125
2025-01-15 00:00:00+00:00,1643.050048828125,1026.800048828125,1238.25
2025-01-16 00:00:00+00:00,1652.050048828125,1038.0,1249.0999755859375
2025-01-17 00:00:00+00:00,1636.75,991.0499877929688,1225.449951171875
2025-01-20 00:00:00+00:00,1651.25,988.0499877929688,1232.949951171875
2025-01-21 00:00:00+00:00,1642.4000244140625,970.2000122070312,1196.1500244140625
2025-01-22 00:00:00+00:00,1666.050048828125,959.2999877929688,1200.449951171875
2025-01-23 00:00:00+00:00,1664.9000244140625,951.0499877929688,1201.75
2025-01-24 00:00:00+00:00,1649.800048828125,948.5,1209.199951171875
2025-01-27 00:00:00+00:00,1629.800048828125,948.0999755859375,1227.949951171875
2025-01-28 00:00:00+00:00,1670.4000244140625,983.7999877929688,1246.9000244140625
2025-01-29 00:00:00+00:00,1677.300048828125,983.4000244140625,1251.6500244140625
2025-01-30 00:00:00+00:00,1691.5,984.7000122070312,1255.5999755859375
2025-01-31 00:00:00+00:00,1698.75,986.0999755859375,1252.800048828125
2025-02-01 00:00:00+00:00,,998.1500244140625,1255.550048828125
2025-02-03 00:00:00+00:00,1678.0,989.4000244140625,1253.0
2025-02-04 00:00:00+00:00,1720.9000244140625,1015.2999877929688,1268.199951171875
2025-02-05 00:00:00+00:00,1737.800048828125,1013.2999877929688,1267.699951171875
2025-02-06 00:00:00+00:00,1743.8499755859375,1020.7000122070312,1272.4000244140625
2025-02-07 00:00:00+00:00,1732.75,1024.0999755859375,1256.9000244140625
2025-02-10 00:00:00+00:00,1715.75,1011.75,1262.5999755859375
2025-02-11 00:00:00+00:00,1701.4000244140625,1007.4000244140625,1252.75
2025-02-12 00:00:00+00:00,1706.800048828125,1006.9000244140625,1251.800048828125
2025-02-13 00:00:00+00:00,1697.699951171875,1008.2000122070312,1248.9000244140625
2025-02-14 00:00:00+00:00,1694.8499755859375,997.5,1260.0999755859375
